<?xml version="1.0"?>
<typesystem package="com.trolltech.qt.webkit">
<rejection class="WebCore"/>
<suppress-warning text="WARNING(MetaJavaBuilder) :: skipping field 'QWebPluginFactory_Plugin::mimeTypes' with unmatched type 'QList&lt;MimeType&gt;'"/>
    <namespace-type name="WebCore"/>

    <enum-type name="QWebSettings::FontFamily"/>
    <enum-type name="QWebSettings::FontSize"/>
    <enum-type name="QWebSettings::WebGraphic"/>
    <enum-type name="QWebSettings::WebAttribute">
        <reject-enum-value name="LocalStorageEnabled"/>
    </enum-type>
  <enum-type name="QWebSettings::ThirdPartyCookiePolicy"/>
  <enum-type name="QWebPage::VisibilityState"/>
  <enum-type name="QWebFrame::ValueOwnership"/>
  <enum-type name="QWebSecurityOrigin::SubdomainSetting"/>

  <enum-type name="QWebFrame::RenderLayer" flags="QWebFrame::RenderLayers"/>

    <enum-type name="QWebPage::Feature"/>
    <enum-type name="QWebPage::PermissionPolicy"/>
    <enum-type name="QWebPage::Extension"/>
    <enum-type name="QWebPage::NavigationType"/>
    <enum-type name="QWebPage::WebAction"/>
    <enum-type name="QWebPage::WebWindowType"/>
    <enum-type name="QWebPage::FindFlag" flags="QWebPage::FindFlags"/>
    <enum-type name="QWebPage::LinkDelegationPolicy"/>
    <enum-type name="QWebPluginFactory::Extension"/>
    <enum-type name="QWebElement::StyleResolveStrategy"/>
    <enum-type name="QWebHistory::HistoryStateVersion">
        <reject-enum-value name="DefaultHistoryVersion"/>
    </enum-type>
    <enum-type name="QWebPage::ErrorDomain"/>
    
    <value-type name="QWebElementCollection"/>

    <object-type name="QGraphicsWebView">
      <extra-includes>
        <include file-name="QGraphicsScene" location="global"/>
      </extra-includes>
      </object-type>
    <object-type name="QWebView">
    </object-type>
    <object-type name="QWebFrame">
        <modify-function signature="event(QEvent*)" remove="all"/>
    </object-type>
    <object-type name="QWebPage::ExtensionOption"/>
    <object-type name="QWebPage::ChooseMultipleFilesExtensionOption"/>
    <object-type name="QWebPage::ExtensionReturn"/>
    <object-type name="QWebPage::ChooseMultipleFilesExtensionReturn"/>
    <object-type name="QWebHistory">
      <modify-function signature="saveState(QWebHistory::HistoryStateVersion)const">
      </modify-function>
    </object-type>
    <object-type name="QWebSettings"/>
    <object-type name="QWebPage">
    </object-type>

    <value-type name="QWebHitTestResult">
      <modify-function signature="operator=(QWebHitTestResult)" remove="all"/>
    </value-type>

    <value-type name="QWebHistoryItem">
        <modify-function signature="operator=(QWebHistoryItem)" remove="all"/>
    </value-type>

    <object-type name="QWebHistoryInterface">
    </object-type>

    <object-type name="QWebPluginFactory"/>
    <object-type name="QWebPluginDatabase"/>
    <object-type name="QWebInspector"/>

    <value-type name="QWebPluginInfo"/>
    <value-type name="QWebElement"/>
    <value-type name="QWebPluginFactory::Plugin"/>
    <value-type name="QWebPluginFactory::MimeType"/>
    <value-type name="QWebSecurityOrigin">
    </value-type>
    <value-type name="QWebDatabase">
    </value-type>
    <object-type name="QWebPluginFactory::ExtensionOption"/>
    <object-type name="QWebPluginFactory::ExtensionReturn"/>
    <object-type name="QWebPage::ErrorPageExtensionOption"/>
    <object-type name="QWebPage::ErrorPageExtensionReturn"/>

    <suppress-warning text="WARNING(MetaJavaBuilder) :: skipping function 'QWebFrame::QWebFrame', unmatched parameter type 'QWebFrameData*'"/>
    <suppress-warning text="WARNING(MetaJavaBuilder) :: skipping function 'QWebSettings::QWebSettings', unmatched parameter type 'WebCore::Settings*'"/>
    <suppress-warning text="WARNING(MetaJavaBuilder) :: skipping function 'QWebPluginInfo::QWebPluginInfo', unmatched parameter type 'WebCore::PluginPackage*'"/>
    <suppress-warning text="WARNING(MetaJavaBuilder) :: skipping function 'QWebElement::enclosingElement', unmatched parameter type 'WebCore::Node*'"/>
    <suppress-warning text="WARNING(MetaJavaBuilder) :: skipping function 'QWebElement::QWebElement', unmatched parameter type 'WebCore::Node*'"/>
    <suppress-warning text="WARNING(MetaJavaBuilder) :: skipping function 'QWebElement::QWebElement', unmatched parameter type 'WebCore::Element*'"/>
    <suppress-warning text="WARNING(MetaJavaBuilder) :: skipping field 'QWebPluginFactory_Plugin::mimeTypes' with unmatched type 'QList&lt;MimeType&gt;'"/>
    <suppress-warning text="WARNING(MetaJavaBuilder) :: Class 'QWebPluginInfo' has equals operators but no qHash() function. Hashcode of objects will consistently be 0."/>
    <suppress-warning text="WARNING(MetaJavaBuilder) :: Class 'QWebPluginFactory_MimeType' has equals operators but no qHash() function. Hashcode of objects will consistently be 0."/>
    <suppress-warning text="WARNING(MetaJavaBuilder) :: Class 'QWebElement' has equals operators but no qHash() function. Hashcode of objects will consistently be 0."/>

    <!-- Needed to avoid warnings on compilers that don't support webkit -->
    <suppress-warning text="WARNING(MetaJavaBuilder) :: type 'QWebPluginFactory::Plugin' is specified in typesystem, but not defined. This could potentially lead to compilation errors."/>                            
    <suppress-warning text="WARNING(MetaJavaBuilder) :: type 'QWebPluginFactory::ExtensionReturn' is specified in typesystem, but not defined. This could potentially lead to compilation errors."/>
    <suppress-warning text="WARNING(MetaJavaBuilder) :: type 'QWebPluginFactory::MimeType' is specified in typesystem, but not defined. This could potentially lead to compilation errors."/>
    <suppress-warning text="WARNING(MetaJavaBuilder) :: namespace 'com.trolltech.qt.webkit.QWebPage' for enum 'Extension' is not declared"/>
    <suppress-warning text="WARNING(MetaJavaBuilder) :: type 'QWebPluginFactory::ExtensionOption' is specified in typesystem, but not defined. This could potentially lead to compilation errors."/>
    <suppress-warning text="WARNING(MetaJavaBuilder) :: namespace 'com.trolltech.qt.webkit.QWebPluginFactory' for enum 'Extension' is not declared"/>
    <suppress-warning text="WARNING(MetaJavaBuilder) :: type 'QWebPluginFactory' is specified in typesystem, but not defined. This could potentially lead to compilation errors."/>
    <suppress-warning text="WARNING(MetaJavaBuilder) :: namespace 'com.trolltech.qt.webkit.QWebPage' for enum 'NavigationRequestResponse' is not declared"/>
    <suppress-warning text="WARNING(MetaJavaBuilder) :: namespace 'com.trolltech.qt.webkit.QWebSettings' for enum 'WebAttribute' is not declared"/>
    <suppress-warning text="WARNING(MetaJavaBuilder) :: type 'QWebSettings' is specified in typesystem, but not defined. This could potentially lead to compilation errors."/>
    <suppress-warning text="WARNING(MetaJavaBuilder) :: type 'QWebHistoryItem' is specified in typesystem, but not defined. This could potentially lead to compilation errors."/>
    <suppress-warning text="WARNING(MetaJavaBuilder) :: type 'QWebHistoryInterface' is specified in typesystem, but not defined. This could potentially lead to compilation errors."/>
    <suppress-warning text="WARNING(MetaJavaBuilder) :: namespace 'com.trolltech.qt.webkit.QWebPage' for enum 'WebAction' is not declared"/>
    <suppress-warning text="WARNING(MetaJavaBuilder) :: namespace 'com.trolltech.qt.webkit.QWebSettings' for enum 'FontSize' is not declared"/>
    <suppress-warning text="WARNING(MetaJavaBuilder) :: namespace 'com.trolltech.qt.webkit.QWebSettings' for enum 'WebGraphic' is not declared"/>
    <suppress-warning text="WARNING(MetaJavaBuilder) :: namespace 'com.trolltech.qt.webkit.QWebPage' for enum 'NavigationType' is not declared"/>
    <suppress-warning text="WARNING(MetaJavaBuilder) :: namespace 'com.trolltech.qt.webkit.QWebSettings' for enum 'FontType' is not declared"/>
    <suppress-warning text="WARNING(MetaJavaBuilder) :: type 'QWebFrame' is specified in typesystem, but not defined. This could potentially lead to compilation errors."/>
    <suppress-warning text="WARNING(MetaJavaBuilder) :: type 'QWebHistory' is specified in typesystem, but not defined. This could potentially lead to compilation errors."/>
    <suppress-warning text="WARNING(MetaJavaBuilder) :: type 'QWebView' is specified in typesystem, but not defined. This could potentially lead to compilation errors."/>
    <suppress-warning text="WARNING(MetaJavaBuilder) :: type 'QWebPage' is specified in typesystem, but not defined. This could potentially lead to compilation errors."/>
    <suppress-warning text="WARNING(MetaJavaBuilder) :: type 'QWebHitTestResult' is specified in typesystem, but not defined. This could potentially lead to compilation errors."/>
    <suppress-warning text="WARNING(MetaJavaBuilder) :: namespace 'com.trolltech.qt.webkit.QWebPage' for enum 'FindFlag' is not declared"/>
    <suppress-warning text="WARNING(MetaJavaBuilder) :: namespace 'com.trolltech.qt.webkit.QWebPage' for enum 'LinkDelegationPolicy' is not declared"/>
    <suppress-warning text="WARNING(MetaJavaBuilder) :: namespace 'com.trolltech.qt.webkit.QWebSettings' for enum 'FontFamily' is not declared"/>
    <suppress-warning text="WARNING(MetaJavaBuilder) :: namespace 'com.trolltech.qt.webkit.QWebPage' for enum 'WebWindowType' is not declared"/>
    <suppress-warning text="WARNING(MetaJavaBuilder) :: skipping function 'QWebFrame::addToJavaScriptWindowObject', unmatched parameter type 'QScriptEngine::ValueOwnership'"/>
    <suppress-warning text="WARNING(MetaJavaBuilder) :: type 'QWebDatabase' is specified in typesystem, but not defined. This could potentially lead to compilation errors."/>
    <suppress-warning text="WARNING(MetaJavaBuilder) :: type 'QWebPage::ExtensionReturn' is specified in typesystem, but not defined. This could potentially lead to compilation errors."/>
    <suppress-warning text="WARNING(MetaJavaBuilder) :: type 'QWebPage::ExtensionOption' is specified in typesystem, but not defined. This could potentially lead to compilation errors."/>
    <suppress-warning text="WARNING(MetaJavaBuilder) :: type 'QWebPage::ChooseMultipleFilesExtensionOption' is specified in typesystem, but not defined. This could potentially lead to compilation errors."/>                            
    <suppress-warning text="WARNING(MetaJavaBuilder) :: type 'QWebSecurityOrigin' is specified in typesystem, but not defined. This could potentially lead to compilation errors."/>
    <suppress-warning text="WARNING(MetaJavaBuilder) :: type 'QWebPage::ChooseMultipleFilesExtensionReturn' is specified in typesystem, but not defined. This could potentially lead to compilation errors."/>
    
</typesystem>
